{
  "agent": {
    "metrics_collection_interval": 60,
    "run_as_user": "root"
  },
  "metrics": {
    "namespace": "LinuxSystem",
    "append_dimensions": {
      "InstanceId": "${aws:InstanceId}"
    },
    "aggregation_dimensions": [["InstanceId"]],
    "metrics_collected": {
      "cpu": {
        "measurement": ["cpu_usage_idle", "cpu_usage_iowait"],
        "metrics_collection_interval": 60
      },
      "mem": {
        "measurement": ["mem_used_percent"]
      },
      "disk": {
        "measurement": ["used_percent"],
        "resources": ["*"]
      }
    }
  }
}